{
    "accuracy": [
        0.46003371477127075,
        0.6188870072364807,
        0.6543001532554626,
        0.6637436747550964,
        0.6897132992744446,
        0.7170320153236389,
        0.7193928956985474,
        0.7332209348678589,
        0.7325463891029358,
        0.7467116117477417,
        0.7463743686676025,
        0.7521079182624817,
        0.7682967782020569,
        0.7632377743721008,
        0.7649241089820862,
        0.5048903822898865,
        0.5126475691795349,
        0.5301855206489563,
        0.5355817675590515,
        0.53794264793396,
        0.553794264793396,
        0.5500842928886414,
        0.558853268623352,
        0.5720067620277405,
        0.5649241209030151,
        0.5730185508728027
    ],
    "auc": [
        0.7946504354476929,
        0.8945463299751282,
        0.9120292663574219,
        0.9262147545814514,
        0.9328968524932861,
        0.9379189014434814,
        0.9433320164680481,
        0.9492871165275574,
        0.9478805065155029,
        0.9532872438430786,
        0.9532803893089294,
        0.9571551084518433,
        0.960887610912323,
        0.9575423002243042,
        0.9594473838806152,
        0.8177440166473389,
        0.8263477087020874,
        0.8374353647232056,
        0.84228515625,
        0.8454675078392029,
        0.8542121052742004,
        0.8552690744400024,
        0.859928548336029,
        0.863200306892395,
        0.8562535047531128,
        0.8640178442001343
    ],
    "loss": [
        1.509171724319458,
        1.0524250268936157,
        0.9533907175064087,
        0.8634753227233887,
        0.8197450637817383,
        0.7881154417991638,
        0.7508875727653503,
        0.7087582945823669,
        0.7172122001647949,
        0.6792223453521729,
        0.6752585172653198,
        0.6477636098861694,
        0.6211838126182556,
        0.6432012319564819,
        0.6279311180114746,
        1.6352099180221558,
        1.563791275024414,
        1.4869515895843506,
        1.4504015445709229,
        1.4435142278671265,
        1.375736951828003,
        1.36886465549469,
        1.3470258712768555,
        1.3177636861801147,
        1.361128568649292,
        1.3300849199295044
    ],
    "precision": [
        0.5439673066139221,
        0.6984834671020508,
        0.7376344203948975,
        0.7556891441345215,
        0.7765103578567505,
        0.7946799397468567,
        0.7979210019111633,
        0.8134969472885132,
        0.811759889125824,
        0.8171127438545227,
        0.8254354000091553,
        0.8267366886138916,
        0.8406087160110474,
        0.8301218748092651,
        0.832201361656189,
        0.5556478500366211,
        0.567864716053009,
        0.5879864692687988,
        0.5982330441474915,
        0.5955573916435242,
        0.6219305396080017,
        0.6119528412818909,
        0.6201486587524414,
        0.6365528702735901,
        0.6199751496315002,
        0.6411862969398499
    ],
    "recall": [
        0.358853280544281,
        0.528161883354187,
        0.5784148573875427,
        0.5935919284820557,
        0.619898796081543,
        0.6448566317558289,
        0.6472175121307373,
        0.6708263158798218,
        0.6704890131950378,
        0.6795952916145325,
        0.6873524188995361,
        0.6903878450393677,
        0.7079257965087891,
        0.7119730114936829,
        0.7025294899940491,
        0.45126476883888245,
        0.4529511034488678,
        0.46880269050598145,
        0.47959527373313904,
        0.4792580008506775,
        0.4954468905925751,
        0.49038785696029663,
        0.5065767168998718,
        0.5156829953193665,
        0.5045531392097473,
        0.517706573009491
    ],
    "val_accuracy": [
        0.6790450811386108,
        0.7586206793785095,
        0.7984085083007812,
        0.7931034564971924,
        0.8116710782051086,
        0.8275862336158752,
        0.8328912258148193,
        0.8461538553237915,
        0.8328912258148193,
        0.8275862336158752,
        0.8514589071273804,
        0.8541114330291748,
        0.8302386999130249,
        0.8275862336158752,
        0.8435013294219971,
        0.8488063812255859,
        0.8408488035202026,
        0.8408488035202026,
        0.8461538553237915,
        0.8408488035202026,
        0.8461538553237915,
        0.8381962776184082,
        0.8275862336158752,
        0.8302386999130249,
        0.8222811818122864,
        0.8196286559104919
    ],
    "val_auc": [
        0.925355851650238,
        0.9596943855285645,
        0.9699061512947083,
        0.9636998176574707,
        0.9715399146080017,
        0.9742670059204102,
        0.9744901061058044,
        0.9764994978904724,
        0.9735204577445984,
        0.9726656675338745,
        0.972951352596283,
        0.9782007336616516,
        0.9739448428153992,
        0.9740874767303467,
        0.9750170707702637,
        0.9791204333305359,
        0.9774070978164673,
        0.9770399928092957,
        0.976677656173706,
        0.9773339629173279,
        0.9769569039344788,
        0.9775449633598328,
        0.9767529368400574,
        0.975966215133667,
        0.9747539162635803,
        0.9722872376441956
    ],
    "val_loss": [
        0.8831382989883423,
        0.6219784617424011,
        0.5385531783103943,
        0.5864771604537964,
        0.49904388189315796,
        0.48790881037712097,
        0.5095597505569458,
        0.4739624261856079,
        0.5082234144210815,
        0.5135233402252197,
        0.497132271528244,
        0.45942243933677673,
        0.5122694373130798,
        0.5065954923629761,
        0.474932998418808,
        0.4369317293167114,
        0.45828619599342346,
        0.47167378664016724,
        0.4773067831993103,
        0.4802047908306122,
        0.48128682374954224,
        0.4877787232398987,
        0.4944140315055847,
        0.49991297721862793,
        0.5104674100875854,
        0.5213652849197388
    ],
    "val_precision": [
        0.7177914381027222,
        0.800000011920929,
        0.8333333134651184,
        0.8242074847221375,
        0.831932783126831,
        0.8583333492279053,
        0.8535911440849304,
        0.8607242107391357,
        0.8531855940818787,
        0.8444444537162781,
        0.8655462265014648,
        0.8736263513565063,
        0.8448753356933594,
        0.8461538553237915,
        0.8508287072181702,
        0.8712328672409058,
        0.8486486673355103,
        0.8505434989929199,
        0.8606557250022888,
        0.8524590134620667,
        0.8595041036605835,
        0.8432432413101196,
        0.8410958647727966,
        0.8465753197669983,
        0.8415300250053406,
        0.8370165824890137
    ],
    "val_recall": [
        0.6206896305084229,
        0.7002652287483215,
        0.7692307829856873,
        0.7586206793785095,
        0.7877984046936035,
        0.8196286559104919,
        0.8196286559104919,
        0.8196286559104919,
        0.8169761300086975,
        0.8063660264015198,
        0.8196286559104919,
        0.8435013294219971,
        0.8090185523033142,
        0.8169761300086975,
        0.8169761300086975,
        0.8435013294219971,
        0.8328912258148193,
        0.8302386999130249,
        0.8355437517166138,
        0.8275862336158752,
        0.8275862336158752,
        0.8275862336158752,
        0.8143236041069031,
        0.8196286559104919,
        0.8169761300086975,
        0.8037135004997253
    ],