{
    "accuracy": [
        0.47150084376335144,
        0.6141652464866638,
        0.646205723285675,
        0.6947723627090454,
        0.7008431553840637,
        0.7099494338035583,
        0.7234401106834412,
        0.7369308471679688,
        0.7372681498527527,
        0.759190559387207,
        0.7568296790122986,
        0.759190559387207,
        0.7642495632171631,
        0.77436763048172,
        0.7814502716064453,
        0.5048903822898865,
        0.5099493861198425,
        0.5217537879943848,
        0.5430017113685608,
        0.5450252890586853,
        0.5510961413383484,
        0.5504215955734253,
        0.558178722858429,
        0.5608769059181213,
        0.564249575138092
    ],
    "auc": [
        0.8026833534240723,
        0.8911641836166382,
        0.9105191230773926,
        0.9290140867233276,
        0.9326949715614319,
        0.9429314732551575,
        0.9454267621040344,
        0.9503799676895142,
        0.9509760141372681,
        0.9558262228965759,
        0.956039547920227,
        0.9571118354797363,
        0.9591445326805115,
        0.9627450108528137,
        0.965290904045105,
        0.8194842338562012,
        0.8262485861778259,
        0.8288878798484802,
        0.8482826948165894,
        0.8446148037910461,
        0.8492626547813416,
        0.8507959246635437,
        0.8487778902053833,
        0.8546024560928345,
        0.8593050837516785
    ],
    "loss": [
        1.4648009538650513,
        1.074049949645996,
        0.9620910286903381,
        0.8456261157989502,
        0.8247003555297852,
        0.754084587097168,
        0.7382293939590454,
        0.7018919587135315,
        0.6972682476043701,
        0.6554248929023743,
        0.6581082940101624,
        0.6470292210578918,
        0.6323114037513733,
        0.603239119052887,
        0.5842779874801636,
        1.6246670484542847,
        1.5792711973190308,
        1.5492579936981201,
        1.4108436107635498,
        1.4439888000488281,
        1.4201502799987793,
        1.4109286069869995,
        1.4218612909317017,
        1.3709716796875,
        1.3410617113113403
    ],
    "precision": [
        0.5587934851646423,
        0.6874455213546753,
        0.7271952033042908,
        0.7714646458625793,
        0.7668161392211914,
        0.7972292304039001,
        0.792475700378418,
        0.8084415793418884,
        0.807645857334137,
        0.8215139508247375,
        0.8320549130439758,
        0.8308418393135071,
        0.8249011635780334,
        0.8483524918556213,
        0.844921886920929,
        0.5572742223739624,
        0.5699373483657837,
        0.5755033493041992,
        0.6055508852005005,
        0.6046608686447144,
        0.6104821562767029,
        0.6062602996826172,
        0.6122449040412903,
        0.6208651661872864,
        0.6319531798362732
    ],
    "recall": [
        0.36863407492637634,
        0.5318718552589417,
        0.5753794312477112,
        0.6182124614715576,
        0.6344013214111328,
        0.6404721736907959,
        0.6607082486152649,
        0.671838104724884,
        0.6768971085548401,
        0.6954469084739685,
        0.6951096057891846,
        0.7123103141784668,
        0.7038785815238953,
        0.7207419872283936,
        0.7295109629631042,
        0.4495784044265747,
        0.4603709876537323,
        0.46273186802864075,
        0.48566609621047974,
        0.4900505840778351,
        0.4910624027252197,
        0.49645867943763733,
        0.49578413367271423,
        0.49376052618026733,
        0.5096121430397034
    ],
    "val_accuracy": [
        0.6816976070404053,
        0.7639257311820984,
        0.7931034564971924,
        0.7877984046936035,
        0.8063660264015198,
        0.8275862336158752,
        0.8037135004997253,
        0.8222811818122864,
        0.8249337077140808,
        0.8196286559104919,
        0.8355437517166138,
        0.8408488035202026,
        0.8381962776184082,
        0.8514589071273804,
        0.8381962776184082,
        0.8355437517166138,
        0.8328912258148193,
        0.8355437517166138,
        0.8275862336158752,
        0.8196286559104919,
        0.8143236041069031,
        0.8196286559104919,
        0.8063660264015198,
        0.8010610342025757,
        0.790450930595398
    ],
    "val_auc": [
        0.9373914003372192,
        0.9601544737815857,
        0.9648699164390564,
        0.9708343744277954,
        0.9695305228233337,
        0.9745385050773621,
        0.9657186269760132,
        0.9729083776473999,
        0.9742311835289001,
        0.9700292348861694,
        0.9732474684715271,
        0.9779735803604126,
        0.9752245545387268,
        0.9800906777381897,
        0.977597177028656,
        0.9772931933403015,
        0.9737633466720581,
        0.9726431369781494,
        0.9722161293029785,
        0.9725292325019836,
        0.9741002321243286,
        0.9727776050567627,
        0.9711677432060242,
        0.9697844982147217,
        0.9682266712188721
    ],
    "val_loss": [
        0.7900505661964417,
        0.6170293092727661,
        0.5805321931838989,
        0.5290933847427368,
        0.5525085926055908,
        0.4950825273990631,
        0.5791594386100769,
        0.5074198246002197,
        0.48779356479644775,
        0.5372500419616699,
        0.5012083053588867,
        0.4646364748477936,
        0.4700811505317688,
        0.435194194316864,
        0.47439971566200256,
        0.46943199634552,
        0.5195728540420532,
        0.5426316261291504,
        0.5441573858261108,
        0.5357885956764221,
        0.533012330532074,
        0.5414736270904541,
        0.5577564835548401,
        0.5680833458900452,
        0.5822093486785889
    ],
    "val_precision": [
        0.7950530052185059,
        0.8141592741012573,
        0.836309552192688,
        0.8262107968330383,
        0.8389830589294434,
        0.8547486066818237,
        0.8461538553237915,
        0.8531073331832886,
        0.8457300066947937,
        0.8403361439704895,
        0.8655462265014648,
        0.8575419187545776,
        0.8579387068748474,
        0.8676056265830994,
        0.8627451062202454,
        0.8469945192337036,
        0.8401083946228027,
        0.8419618606567383,
        0.83152174949646,
        0.8406593203544617,
        0.8328767418861389,
        0.8324176073074341,
        0.8164383769035339,
        0.8189415335655212,
        0.8109589219093323
    ],
    "val_recall": [
        0.5968169569969177,
        0.73209547996521,
        0.7453581094741821,
        0.7692307829856873,
        0.7877984046936035,
        0.8116710782051086,
        0.7877984046936035,
        0.8010610342025757,
        0.8143236041069031,
        0.7957559823989868,
        0.8196286559104919,
        0.8143236041069031,
        0.8169761300086975,
        0.8169761300086975,
        0.8169761300086975,
        0.8222811818122864,
        0.8222811818122864,
        0.8196286559104919,
        0.8116710782051086,
        0.8116710782051086,
        0.8063660264015198,
        0.8037135004997253,
        0.790450930595398,
        0.7798408269882202,
        0.7851458787918091
    ],