,precision,recall,f1-score,support
cardboard,0.9791666666666666,0.7704918032786885,0.8623853211009175,61.0
glass,0.84375,0.7105263157894737,0.7714285714285715,76.0
metal,0.8,0.7096774193548387,0.7521367521367521,62.0
paper,0.8351648351648352,0.8444444444444444,0.8397790055248618,90.0
plastic,0.6907216494845361,0.9178082191780822,0.788235294117647,73.0
trash,0.6206896551724138,0.8181818181818182,0.7058823529411765,22.0
accuracy,0.796875,0.796875,0.796875,0.796875
macro avg,0.7949154677480753,0.7951883367045577,0.7866412162083211,384.0
weighted avg,0.8143147256710054,0.796875,0.7982220140123379,384.0
