{
    "test_loss": 0.6651614308357239,
    "test_accuracy": 0.8203125,
    "per_class_accuracy": {
        "cardboard": 0.8360655737704918,
        "glass": 0.7631578947368421,
        "metal": 0.7096774193548387,
        "paper": 0.8777777777777778,
        "plastic": 0.8904109589041096,
        "trash": 0.8181818181818182
    },
    "confusion_matrix": [
        [
            51,
            0,
            0,
            7,
            1,
            2
        ],
        [
            0,
            58,
            6,
            1,
            10,
            1
        ],
        [
            0,
            5,
            44,
            3,
            8,
            2
        ],
        [
            1,
            2,
            1,
            79,
            4,
            3
        ],
        [
            0,
            5,
            2,
            1,
            65,
            0
        ],
        [
            0,
            0,
            0,
            3,
            1,
            18
        ]
    ],
    "model_performance": "Good"
}